"week","content_type","target_keyword","url","search_intent"
"1","money guide","s9 game agent","agent/program","Primary ranking page"
"1","faq","how to use s9 game agent","faq","Question intent"
"2","update","s9 game agent latest update","updates","Freshness"
"2","support","Referral Code","referral/code","Problem solving"
"3","comparison","s9 game agent alternative","blog/ranking-review","Comparison intent"
"3","trust","is s9 game agent safe","blog/search-intent-map","Trust intent"
"4","local","s9 game agent pakistan","bonus/terms","Regional intent"
"4","maintenance","S9 Agent Bonus Watch weekly check","blog/weekly-check","Update rhythm"
"5","long-tail article","s9 game agent agent program check","blog/agent-program-check","Long-tail supporting page"
"5","long-tail article","s9 game agent referral code terms","blog/referral-code-terms","Long-tail supporting page"
"6","long-tail article","s9 game agent bonus rule review","blog/bonus-rule-review","Long-tail supporting page"
"6","long-tail article","s9 game agent promo risk notes","blog/promo-risk-notes","Long-tail supporting page"
"7","long-tail article","s9 game agent agent faq","blog/agent-faq","Long-tail supporting page"
"7","long-tail article","s9 game agent weekly bonus watch","blog/weekly-bonus-watch","Long-tail supporting page"
"8","weekly update","s9 game agent week 01 agent program audit","updates/week-01-agent-program-audit","Freshness and maintenance page"
"8","weekly update","s9 game agent week 02 referral code terms","updates/week-02-referral-code-terms","Freshness and maintenance page"
"9","weekly update","s9 game agent week 03 bonus rule update","updates/week-03-bonus-rule-update","Freshness and maintenance page"
"9","weekly update","s9 game agent week 04 promo risk note","updates/week-04-promo-risk-note","Freshness and maintenance page"
"10","weekly update","s9 game agent week 05 agent faq refresh","updates/week-05-agent-faq-refresh","Freshness and maintenance page"
"10","weekly update","s9 game agent week 06 weekly bonus watch","updates/week-06-weekly-bonus-watch","Freshness and maintenance page"
"11","weekly update","s9 game agent week 07 terms wording check","updates/week-07-terms-wording-check","Freshness and maintenance page"
"11","weekly update","s9 game agent week 08 support path review","updates/week-08-support-path-review","Freshness and maintenance page"
"12","weekly update","s9 game agent week 09 faq rewrite","updates/week-09-faq-rewrite","Freshness and maintenance page"
"12","weekly update","s9 game agent week 10 internal link pass","updates/week-10-internal-link-pass","Freshness and maintenance page"
"13","weekly update","s9 game agent week 11 serp title test","updates/week-11-serp-title-test","Freshness and maintenance page"
"13","weekly update","s9 game agent week 12 trust review","updates/week-12-trust-review","Freshness and maintenance page"
"sprint-2026-06-13","long-tail support","s9 game agent agent code before register: what users should confirm","blog/agent-code-before-register","agent code help page 1"
"sprint-2026-06-13","long-tail support","s9 game agent bonus terms that can change weekly","blog/bonus-terms-that-change-weekly","bonus terms watch page 2"
"sprint-2026-06-13","long-tail support","s9 game agent referral code vs agent link: what is different?","blog/referral-code-vs-agent-link","referral comparison page 3"
"register-login-2026-06-13","register-login cluster","s9 game agent register bonus before login: what to verify","blog/register-bonus-before-login","register bonus check"
"register-login-2026-06-13","register-login cluster","s9 game agent agent code on s9 register screen","blog/agent-code-on-register-screen","agent field guide"
"register-login-2026-06-13","register-login cluster","s9 game agent referral link vs manual register for s9","blog/referral-link-vs-manual-register","referral comparison"
"account-wallet-support-2026-06-13","support cluster","s9 bonus not received after register","blog/bonus-not-received-after-register","bonus support"
"account-wallet-support-2026-06-13","support cluster","wrong agent code on s9 register support","blog/wrong-agent-code-support","bonus support"
"daily-2026-06-14","daily freshness","s9 bonus terms before deposit","blog/bonus-terms-before-deposit","bonus terms before deposit"
"pillar-2026-06-14","pillar hub","s9 game bonus terms","bonus-terms-hub","bonus terms authority"
